<?xml version="1.0" encoding="UTF-8"?>
<!DOCTYPE mapper PUBLIC "-//mybatis.org//DTD Mapper 3.0//EN" "http://mybatis.org/dtd/mybatis-3-mapper.dtd">
<mapper namespace="com.karonda.springboot2datasourcesmybatis.dao.second.StockMapper">
  <resultMap id="BaseResultMap" type="com.karonda.springboot2datasourcesmybatis.entity.Stock">
    <id column="id" jdbcType="INTEGER" property="id" />
    <result column="product_id" jdbcType="INTEGER" property="productId" />
    <result column="stock_count" jdbcType="INTEGER" property="stockCount" />
  </resultMap>
  <sql id="Base_Column_List">
    id, product_id, stock_count
  </sql>
  <select id="getOneByProductId" parameterType="java.lang.Integer" resultMap="BaseResultMap">
    select 
    <include refid="Base_Column_List" />
    from stock
    where product_id = #{productId,jdbcType=INTEGER}
  </select>
</mapper>